image_index,true_label,predicted_class,correct,cycles,frame,status_hex,sum_hex,xor_hex,cycle_ok,frame_ok,status_ok
0,3,3,1,1282,1,0x00000015,0x00004D13,0x75,1,1,1
1,1,1,1,1282,2,0x00000015,0x00004C06,0xDA,1,1,1
2,5,5,1,1282,3,0x00000015,0x00006994,0x22,1,1,1
3,5,5,1,1282,4,0x00000015,0x000059FE,0x6A,1,1,1
4,1,1,1,1282,5,0x00000015,0x00003406,0x3C,1,1,1
5,3,3,1,1282,6,0x00000015,0x00006E70,0x32,1,1,1
6,8,8,1,1282,7,0x00000015,0x00007857,0xA1,1,1,1
7,5,5,1,1282,8,0x00000015,0x00008BA6,0x66,1,1,1
8,9,9,1,1282,9,0x00000015,0x00004EC8,0x4C,1,1,1
9,8,8,1,1282,10,0x00000015,0x0000A322,0xC0,1,1,1
10,9,9,1,1282,11,0x00000015,0x00006369,0x3B,1,1,1
11,6,6,1,1282,12,0x00000015,0x000056AF,0x8D,1,1,1
12,3,3,1,1282,13,0x00000015,0x00006339,0xA9,1,1,1
13,6,6,1,1282,14,0x00000015,0x00007D26,0x6E,1,1,1
14,9,9,1,1282,15,0x00000015,0x0000417E,0x48,1,1,1
15,7,7,1,1282,16,0x00000015,0x00006722,0x00,1,1,1
16,8,8,1,1282,17,0x00000015,0x0000A12D,0x3F,1,1,1
17,1,1,1,1282,18,0x00000015,0x00002C60,0xE4,1,1,1
18,0,0,1,1282,19,0x00000015,0x00005E3E,0xA2,1,1,1
19,6,6,1,1282,20,0x00000015,0x00007638,0x78,1,1,1
20,4,4,1,1282,21,0x00000015,0x0000794B,0xCF,1,1,1
21,6,6,1,1282,22,0x00000015,0x00005DD2,0xE0,1,1,1
22,7,7,1,1282,23,0x00000015,0x000042A1,0xEB,1,1,1
23,2,2,1,1282,24,0x00000015,0x00006A3E,0xCE,1,1,1
24,8,8,1,1282,25,0x00000015,0x00008EF5,0xEF,1,1,1
25,4,4,1,1282,26,0x00000015,0x000056AC,0xD2,1,1,1
26,0,0,1,1282,27,0x00000015,0x000095F1,0x4B,1,1,1
27,8,8,1,1282,28,0x00000015,0x00005F4F,0x7F,1,1,1
28,0,0,1,1282,29,0x00000015,0x00007D11,0x7F,1,1,1
29,2,8,0,1282,30,0x00000015,0x00009C16,0x74,1,1,1
30,0,0,1,1282,31,0x00000015,0x00006E2E,0x7C,1,1,1
31,1,1,1,1282,32,0x00000015,0x00003E21,0xF9,1,1,1
32,8,0,0,1282,33,0x00000015,0x00009D50,0x8A,1,1,1
33,9,9,1,1282,34,0x00000015,0x00006A39,0xF1,1,1,1
34,4,4,1,1282,35,0x00000015,0x00007205,0x95,1,1,1
35,0,0,1,1282,36,0x00000015,0x0000A1B5,0x69,1,1,1
36,5,5,1,1282,37,0x00000015,0x00006B09,0x3F,1,1,1
37,5,5,1,1282,38,0x00000015,0x00005FDB,0x9B,1,1,1
38,6,1,0,1282,39,0x00000015,0x00004D4A,0x24,1,1,1
39,4,4,1,1282,40,0x00000015,0x000057B6,0xC0,1,1,1
40,7,7,1,1282,41,0x00000015,0x00006481,0xE3,1,1,1
41,0,0,1,1282,42,0x00000015,0x00006ED8,0x0A,1,1,1
42,6,6,1,1282,43,0x00000015,0x00005AD2,0x66,1,1,1
43,8,8,1,1282,44,0x00000015,0x0000809B,0xE3,1,1,1
44,1,6,0,1282,45,0x00000015,0x00004268,0x28,1,1,1
45,2,2,1,1282,46,0x00000015,0x00004066,0xEE,1,1,1
46,3,3,1,1282,47,0x00000015,0x00009867,0xE5,1,1,1
47,0,0,1,1282,48,0x00000015,0x00009088,0xBA,1,1,1
48,3,3,1,1282,49,0x00000015,0x00007343,0xB1,1,1,1
49,4,4,1,1282,50,0x00000015,0x00005ED7,0x17,1,1,1
50,8,8,1,1282,51,0x00000015,0x00003036,0x64,1,1,1
51,5,5,1,1282,52,0x00000015,0x00004383,0xEF,1,1,1
52,6,6,1,1282,53,0x00000015,0x000070D9,0xE3,1,1,1
53,3,3,1,1282,54,0x00000015,0x00007038,0xE8,1,1,1
54,6,6,1,1282,55,0x00000015,0x0000753D,0xAD,1,1,1
55,8,8,1,1282,56,0x00000015,0x000095E8,0x16,1,1,1
56,8,8,1,1282,57,0x00000015,0x00007CA8,0xAE,1,1,1
57,3,3,1,1282,58,0x00000015,0x00007EE5,0xC1,1,1,1
58,3,3,1,1282,59,0x00000015,0x00008B7F,0x7F,1,1,1
59,3,3,1,1282,60,0x00000015,0x00003E4A,0x80,1,1,1
60,0,0,1,1282,61,0x00000015,0x00006C1F,0xED,1,1,1
61,9,9,1,1282,62,0x00000015,0x00006098,0xCA,1,1,1
62,3,3,1,1282,63,0x00000015,0x000089BB,0x8F,1,1,1
63,8,8,1,1282,64,0x00000015,0x0000733F,0x6D,1,1,1
64,2,2,1,1282,65,0x00000015,0x0000C411,0xBB,1,1,1
65,2,2,1,1282,66,0x00000015,0x0000A015,0x75,1,1,1
66,3,3,1,1282,67,0x00000015,0x00007E7E,0x52,1,1,1
67,0,0,1,1282,68,0x00000015,0x00007AFE,0x40,1,1,1
68,2,2,1,1282,69,0x00000015,0x00005B32,0xD8,1,1,1
69,5,5,1,1282,70,0x00000015,0x00006737,0xD5,1,1,1
70,2,2,1,1282,71,0x00000015,0x00009191,0x1D,1,1,1
71,4,4,1,1282,72,0x00000015,0x00007AC5,0xDD,1,1,1
72,6,6,1,1282,73,0x00000015,0x000096BA,0x40,1,1,1
73,9,9,1,1282,74,0x00000015,0x0000739D,0x7F,1,1,1
74,5,5,1,1282,75,0x00000015,0x00005103,0xDF,1,1,1
75,0,0,1,1282,76,0x00000015,0x00007672,0x98,1,1,1
76,5,5,1,1282,77,0x00000015,0x00006420,0x7E,1,1,1
77,2,2,1,1282,78,0x00000015,0x00009677,0x7F,1,1,1
78,5,9,0,1282,79,0x00000015,0x000078D1,0xEF,1,1,1
79,1,1,1,1282,80,0x00000015,0x0000209C,0xD4,1,1,1
80,4,4,1,1282,81,0x00000015,0x00004AB1,0x0B,1,1,1
81,7,7,1,1282,82,0x00000015,0x000043F1,0x3F,1,1,1
82,5,5,1,1282,83,0x00000015,0x0000592E,0xB8,1,1,1
83,7,7,1,1282,84,0x00000015,0x00003CCC,0xB4,1,1,1
84,8,8,1,1282,85,0x00000015,0x0000E13A,0x1C,1,1,1
85,3,3,1,1282,86,0x00000015,0x0000508B,0xC5,1,1,1
86,5,5,1,1282,87,0x00000015,0x00008B4A,0x60,1,1,1
87,3,3,1,1282,88,0x00000015,0x00006B30,0x4A,1,1,1
88,8,8,1,1282,89,0x00000015,0x00008363,0xE5,1,1,1
89,4,4,1,1282,90,0x00000015,0x00006F60,0x46,1,1,1
90,6,6,1,1282,91,0x00000015,0x0000564C,0xCE,1,1,1
91,8,8,1,1282,92,0x00000015,0x0000854D,0x01,1,1,1
92,0,0,1,1282,93,0x00000015,0x00006892,0x02,1,1,1
93,8,8,1,1282,94,0x00000015,0x00007241,0xD7,1,1,1
94,9,9,1,1282,95,0x00000015,0x00006732,0x0C,1,1,1
95,7,7,1,1282,96,0x00000015,0x0000566F,0x67,1,1,1
96,7,7,1,1282,97,0x00000015,0x0000576C,0x8E,1,1,1
97,3,3,1,1282,98,0x00000015,0x0000406B,0x5F,1,1,1
98,5,5,1,1282,99,0x00000015,0x000045FA,0x28,1,1,1
99,7,7,1,1282,100,0x00000015,0x000056F4,0x38,1,1,1
100,6,6,1,1282,101,0x00000015,0x000066A3,0xEB,1,1,1
101,4,4,1,1282,102,0x00000015,0x00007E3A,0x1C,1,1,1
102,9,9,1,1282,103,0x00000015,0x0000656A,0x22,1,1,1
103,9,9,1,1282,104,0x00000015,0x00004A02,0xB6,1,1,1
104,1,1,1,1282,105,0x00000015,0x00006E63,0x6D,1,1,1
105,6,6,1,1282,106,0x00000015,0x0000A344,0x14,1,1,1
106,2,2,1,1282,107,0x00000015,0x00003A22,0x1E,1,1,1
107,5,5,1,1282,108,0x00000015,0x00007A2B,0xF9,1,1,1
108,6,6,1,1282,109,0x00000015,0x00007967,0x45,1,1,1
109,4,4,1,1282,110,0x00000015,0x0000764D,0x1D,1,1,1
110,2,2,1,1282,111,0x00000015,0x00005E22,0x9A,1,1,1
111,1,1,1,1282,112,0x00000015,0x0000394D,0x67,1,1,1
112,1,1,1,1282,113,0x00000015,0x0000234E,0xF0,1,1,1
113,3,3,1,1282,114,0x00000015,0x000072C2,0xC6,1,1,1
114,0,0,1,1282,115,0x00000015,0x0000A8A1,0x9D,1,1,1
115,2,2,1,1282,116,0x00000015,0x00007A2A,0x50,1,1,1
116,5,5,1,1282,117,0x00000015,0x0000B35A,0x2C,1,1,1
117,6,6,1,1282,118,0x00000015,0x00003A61,0x53,1,1,1
118,8,8,1,1282,119,0x00000015,0x00008833,0x99,1,1,1
119,9,9,1,1282,120,0x00000015,0x00004E5D,0xD3,1,1,1
120,5,5,1,1282,121,0x00000015,0x00006C16,0x94,1,1,1
121,3,3,1,1282,122,0x00000015,0x00006F84,0xD4,1,1,1
122,6,6,1,1282,123,0x00000015,0x00005D62,0xC6,1,1,1
123,2,2,1,1282,124,0x00000015,0x000037CE,0x9A,1,1,1
124,4,4,1,1282,125,0x00000015,0x00005B30,0x96,1,1,1
125,4,4,1,1282,126,0x00000015,0x000065CF,0x0D,1,1,1
126,5,5,1,1282,127,0x00000015,0x00005FDE,0x96,1,1,1
127,1,1,1,1282,128,0x00000015,0x000030B5,0x9D,1,1,1
128,4,4,1,1282,129,0x00000015,0x000062D6,0x40,1,1,1
129,6,6,1,1282,130,0x00000015,0x000051E0,0xC8,1,1,1
130,1,1,1,1282,131,0x00000015,0x00004680,0xD2,1,1,1
131,7,7,1,1282,132,0x00000015,0x0000566C,0xDA,1,1,1
132,4,4,1,1282,133,0x00000015,0x00009255,0x05,1,1,1
133,0,0,1,1282,134,0x00000015,0x00009082,0x98,1,1,1
134,0,0,1,1282,135,0x00000015,0x00006C1B,0x7B,1,1,1
135,6,6,1,1282,136,0x00000015,0x000064D7,0x7F,1,1,1
136,6,6,1,1282,137,0x00000015,0x00005395,0x71,1,1,1
137,6,6,1,1282,138,0x00000015,0x0000598F,0x1D,1,1,1
138,2,2,1,1282,139,0x00000015,0x000077D3,0xBF,1,1,1
139,8,8,1,1282,140,0x00000015,0x0000702F,0x87,1,1,1
140,6,6,1,1282,141,0x00000015,0x00006043,0x33,1,1,1
141,9,9,1,1282,142,0x00000015,0x0000804E,0x40,1,1,1
142,1,1,1,1282,143,0x00000015,0x00004357,0xDF,1,1,1
143,6,6,1,1282,144,0x00000015,0x000087EC,0xCE,1,1,1
144,2,2,1,1282,145,0x00000015,0x00007774,0xF0,1,1,1
145,2,2,1,1282,146,0x00000015,0x00003C6C,0xA2,1,1,1
146,5,5,1,1282,147,0x00000015,0x00004B31,0x59,1,1,1
147,3,3,1,1282,148,0x00000015,0x000048E0,0x5E,1,1,1
148,9,9,1,1282,149,0x00000015,0x00006387,0xB7,1,1,1
149,7,7,1,1282,150,0x00000015,0x00004D96,0x52,1,1,1
150,2,2,1,1282,151,0x00000015,0x0000A237,0x69,1,1,1
151,0,0,1,1282,152,0x00000015,0x000083CB,0x4D,1,1,1
152,4,4,1,1282,153,0x00000015,0x0000799A,0x7A,1,1,1
153,9,9,1,1282,154,0x00000015,0x000076D7,0x13,1,1,1
154,5,5,1,1282,155,0x00000015,0x00005010,0x06,1,1,1
155,9,9,1,1282,156,0x00000015,0x00004D34,0x56,1,1,1
156,0,0,1,1282,157,0x00000015,0x00006EE1,0x73,1,1,1
157,2,2,1,1282,158,0x00000015,0x00009837,0x65,1,1,1
158,8,8,1,1282,159,0x00000015,0x00007F01,0x41,1,1,1
159,5,5,1,1282,160,0x00000015,0x00005642,0x32,1,1,1
160,6,6,1,1282,161,0x00000015,0x00004B0F,0x5B,1,1,1
161,1,1,1,1282,162,0x00000015,0x00004E16,0xDC,1,1,1
162,4,4,1,1282,163,0x00000015,0x000069CD,0x45,1,1,1
163,1,1,1,1282,164,0x00000015,0x000035B3,0x8F,1,1,1
164,5,5,1,1282,165,0x00000015,0x00007A54,0xA2,1,1,1
165,7,7,1,1282,166,0x00000015,0x000057F4,0x40,1,1,1
166,2,2,1,1282,167,0x00000015,0x00009971,0xD5,1,1,1
167,0,0,1,1282,168,0x00000015,0x00004355,0x31,1,1,1
168,3,3,1,1282,169,0x00000015,0x0000A31C,0x90,1,1,1
169,0,0,1,1282,170,0x00000015,0x00006D36,0x6A,1,1,1
170,2,2,1,1282,171,0x00000015,0x0000A5E9,0xFF,1,1,1
171,1,1,1,1282,172,0x00000015,0x00003C81,0x55,1,1,1
172,6,6,1,1282,173,0x00000015,0x000089FB,0xB7,1,1,1
173,5,5,1,1282,174,0x00000015,0x00007F81,0xC5,1,1,1
174,0,0,1,1282,175,0x00000015,0x00006603,0x6B,1,1,1
175,7,7,1,1282,176,0x00000015,0x0000526D,0x6F,1,1,1
176,0,0,1,1282,177,0x00000015,0x0000AD3E,0x7C,1,1,1
177,9,9,1,1282,178,0x00000015,0x00006231,0x95,1,1,1
178,9,9,1,1282,179,0x00000015,0x00004328,0x98,1,1,1
179,4,4,1,1282,180,0x00000015,0x00006761,0xE9,1,1,1
180,1,1,1,1282,181,0x00000015,0x00003CCA,0xB8,1,1,1
181,5,5,1,1282,182,0x00000015,0x000058AB,0xA1,1,1,1
182,1,1,1,1282,183,0x00000015,0x00002DD6,0xE0,1,1,1
183,2,2,1,1282,184,0x00000015,0x000058AE,0x6A,1,1,1
184,9,9,1,1282,185,0x00000015,0x00006D94,0xE8,1,1,1
185,9,9,1,1282,186,0x00000015,0x00007812,0xCA,1,1,1
186,1,1,1,1282,187,0x00000015,0x00004173,0x81,1,1,1
187,0,0,1,1282,188,0x00000015,0x0000792D,0xB9,1,1,1
188,8,8,1,1282,189,0x00000015,0x00008D58,0x10,1,1,1
189,7,7,1,1282,190,0x00000015,0x00005EB5,0x5B,1,1,1
190,0,0,1,1282,191,0x00000015,0x000067CA,0xD8,1,1,1
191,2,2,1,1282,192,0x00000015,0x0000610D,0x47,1,1,1
192,8,8,1,1282,193,0x00000015,0x000059C6,0x42,1,1,1
193,1,1,1,1282,194,0x00000015,0x00005087,0x07,1,1,1
194,0,0,1,1282,195,0x00000015,0x00005DE2,0xB8,1,1,1
195,6,6,1,1282,196,0x00000015,0x00005B44,0xB8,1,1,1
196,0,0,1,1282,197,0x00000015,0x0000C0CB,0xC9,1,1,1
197,4,4,1,1282,198,0x00000015,0x000046CD,0x2B,1,1,1
198,3,3,1,1282,199,0x00000015,0x00008461,0x13,1,1,1
199,5,5,1,1282,200,0x00000015,0x00008B31,0xD9,1,1,1
200,8,8,1,1282,201,0x00000015,0x00008078,0xB0,1,1,1
201,1,1,1,1282,202,0x00000015,0x00004675,0x75,1,1,1
202,0,0,1,1282,203,0x00000015,0x000087BF,0xD7,1,1,1
203,2,2,1,1282,204,0x00000015,0x00007151,0x91,1,1,1
204,4,4,1,1282,205,0x00000015,0x00006AB8,0x46,1,1,1
205,3,3,1,1282,206,0x00000015,0x0000AA6E,0x50,1,1,1
206,3,3,1,1282,207,0x00000015,0x000050EC,0x36,1,1,1
207,3,3,1,1282,208,0x00000015,0x000062EE,0xE4,1,1,1
208,9,9,1,1282,209,0x00000015,0x000065CB,0x79,1,1,1
209,1,1,1,1282,210,0x00000015,0x00003AFE,0x9E,1,1,1
210,0,0,1,1282,211,0x00000015,0x000073A4,0x0A,1,1,1
211,7,7,1,1282,212,0x00000015,0x00005861,0x5F,1,1,1
212,7,7,1,1282,213,0x00000015,0x00007D36,0xB4,1,1,1
213,4,4,1,1282,214,0x00000015,0x00005287,0x3B,1,1,1
214,1,1,1,1282,215,0x00000015,0x000025D9,0xCF,1,1,1
215,4,4,1,1282,216,0x00000015,0x0000788B,0xCB,1,1,1
216,4,4,1,1282,217,0x00000015,0x00005685,0xC3,1,1,1
217,4,4,1,1282,218,0x00000015,0x00008E49,0x63,1,1,1
218,8,8,1,1282,219,0x00000015,0x00006606,0x2E,1,1,1
219,1,1,1,1282,220,0x00000015,0x000039CD,0x5F,1,1,1
220,0,0,1,1282,221,0x00000015,0x0000679A,0xE6,1,1,1
221,4,0,0,1282,222,0x00000015,0x0000AD7C,0x08,1,1,1
222,0,0,1,1282,223,0x00000015,0x00005465,0x93,1,1,1
223,1,1,1,1282,224,0x00000015,0x00004B2F,0xCD,1,1,1
224,2,2,1,1282,225,0x00000015,0x0000696D,0x85,1,1,1
225,9,9,1,1282,226,0x00000015,0x00005ECA,0x5C,1,1,1
226,9,9,1,1282,227,0x00000015,0x0000428C,0xF2,1,1,1
227,7,7,1,1282,228,0x00000015,0x00002264,0x66,1,1,1
228,9,9,1,1282,229,0x00000015,0x00004EB2,0x2E,1,1,1
229,9,9,1,1282,230,0x00000015,0x000066E5,0xC7,1,1,1
230,0,0,1,1282,231,0x00000015,0x0000E782,0x52,1,1,1
231,7,7,1,1282,232,0x00000015,0x00007F0C,0xF6,1,1,1
232,5,5,1,1282,233,0x00000015,0x00007BA9,0xAF,1,1,1
233,3,3,1,1282,234,0x00000015,0x00006BA2,0xB8,1,1,1
234,5,5,1,1282,235,0x00000015,0x00001E49,0xB1,1,1,1
235,6,6,1,1282,236,0x00000015,0x0000A509,0x23,1,1,1
236,7,7,1,1282,237,0x00000015,0x000050E6,0xE2,1,1,1
237,4,4,1,1282,238,0x00000015,0x00006578,0x66,1,1,1
238,4,4,1,1282,239,0x00000015,0x0000760E,0xAE,1,1,1
239,4,4,1,1282,240,0x00000015,0x00006307,0xE1,1,1,1
240,4,4,1,1282,241,0x00000015,0x0000884C,0xF8,1,1,1
241,3,3,1,1282,242,0x00000015,0x00005F5A,0xEC,1,1,1
242,9,9,1,1282,243,0x00000015,0x00004A2F,0x97,1,1,1
243,9,9,1,1282,244,0x00000015,0x00005503,0xCB,1,1,1
244,1,1,1,1282,245,0x00000015,0x0000401D,0xB1,1,1,1
245,5,5,1,1282,246,0x00000015,0x0000839E,0xCA,1,1,1
246,5,5,1,1282,247,0x00000015,0x0000557B,0x2F,1,1,1
247,0,0,1,1282,248,0x00000015,0x0000949B,0x2D,1,1,1
248,5,5,1,1282,249,0x00000015,0x0000570A,0xFE,1,1,1
249,3,3,1,1282,250,0x00000015,0x00007A17,0xCF,1,1,1
250,8,8,1,1282,251,0x00000015,0x000072B2,0xD6,1,1,1
251,2,2,1,1282,252,0x00000015,0x00005F08,0xC6,1,1,1
252,9,9,1,1282,253,0x00000015,0x00005ED8,0x78,1,1,1
253,6,6,1,1282,254,0x00000015,0x00004903,0x75,1,1,1
254,6,6,1,1282,255,0x00000015,0x00003B11,0x4F,1,1,1
255,1,1,1,1282,256,0x00000015,0x00002DD6,0x74,1,1,1
256,9,5,0,1282,257,0x00000015,0x00006581,0xA3,1,1,1
257,8,8,1,1282,258,0x00000015,0x00009ACB,0x0F,1,1,1
258,3,3,1,1282,259,0x00000015,0x000086AA,0xF6,1,1,1
259,0,0,1,1282,260,0x00000015,0x00006812,0x2A,1,1,1
260,7,7,1,1282,261,0x00000015,0x00003D14,0x94,1,1,1
261,5,5,1,1282,262,0x00000015,0x00004E79,0x7D,1,1,1
262,7,1,0,1282,263,0x00000015,0x00003C50,0xCC,1,1,1
263,6,6,1,1282,264,0x00000015,0x00005213,0xF5,1,1,1
264,0,0,1,1282,265,0x00000015,0x00007892,0xF2,1,1,1
265,8,8,1,1282,266,0x00000015,0x00003E73,0x7D,1,1,1
266,0,0,1,1282,267,0x00000015,0x00009E72,0x4A,1,1,1
267,8,8,1,1282,268,0x00000015,0x0000660F,0xED,1,1,1
268,7,7,1,1282,269,0x00000015,0x000060FC,0xF4,1,1,1
269,4,4,1,1282,270,0x00000015,0x00007087,0xF3,1,1,1
270,0,0,1,1282,271,0x00000015,0x000077E7,0xAB,1,1,1
271,9,9,1,1282,272,0x00000015,0x00007217,0x33,1,1,1
272,8,8,1,1282,273,0x00000015,0x00007C0B,0x7F,1,1,1
273,3,3,1,1282,274,0x00000015,0x00005485,0x97,1,1,1
274,5,5,1,1282,275,0x00000015,0x0000665C,0x72,1,1,1
275,4,4,1,1282,276,0x00000015,0x000036F2,0x7E,1,1,1
276,1,1,1,1282,277,0x00000015,0x00004677,0x13,1,1,1
277,6,6,1,1282,278,0x00000015,0x000056A9,0x4D,1,1,1
278,1,1,1,1282,279,0x00000015,0x00002D64,0xCC,1,1,1
279,7,7,1,1282,280,0x00000015,0x00006B4D,0x2B,1,1,1
280,9,9,1,1282,281,0x00000015,0x000075A5,0x05,1,1,1
281,7,7,1,1282,282,0x00000015,0x00006B57,0x05,1,1,1
282,5,5,1,1282,283,0x00000015,0x00006579,0xB7,1,1,1
283,6,6,1,1282,284,0x00000015,0x00007A5A,0xBE,1,1,1
284,7,7,1,1282,285,0x00000015,0x0000624A,0x0E,1,1,1
285,8,8,1,1282,286,0x00000015,0x000066EE,0xCC,1,1,1
286,4,4,1,1282,287,0x00000015,0x000043F8,0xE2,1,1,1
287,6,6,1,1282,288,0x00000015,0x00005EC4,0x32,1,1,1
288,9,9,1,1282,289,0x00000015,0x00005886,0x0A,1,1,1
289,7,7,1,1282,290,0x00000015,0x000063C6,0x5E,1,1,1
290,8,8,1,1282,291,0x00000015,0x00005812,0x92,1,1,1
291,0,0,1,1282,292,0x00000015,0x000073F0,0x0E,1,1,1
292,2,2,1,1282,293,0x00000015,0x0000534D,0x4B,1,1,1
293,4,4,1,1282,294,0x00000015,0x0000513C,0x6A,1,1,1
294,5,5,1,1282,295,0x00000015,0x00004181,0x59,1,1,1
295,7,7,1,1282,296,0x00000015,0x0000627C,0x7A,1,1,1
296,0,0,1,1282,297,0x00000015,0x000070B1,0x05,1,1,1
297,6,2,0,1282,298,0x00000015,0x000049DE,0x1E,1,1,1
298,8,8,1,1282,299,0x00000015,0x0000547C,0x7C,1,1,1
299,6,6,1,1282,300,0x00000015,0x00004FB9,0x61,1,1,1
300,1,1,1,1282,301,0x00000015,0x00005F6F,0x13,1,1,1
301,0,0,1,1282,302,0x00000015,0x000070EF,0x9F,1,1,1
302,7,7,1,1282,303,0x00000015,0x000043DB,0x3F,1,1,1
303,4,4,1,1282,304,0x00000015,0x000063D7,0xB3,1,1,1
304,1,1,1,1282,305,0x00000015,0x00003505,0x2B,1,1,1
305,3,3,1,1282,306,0x00000015,0x00007203,0x63,1,1,1
306,7,7,1,1282,307,0x00000015,0x000027E8,0x8A,1,1,1
307,6,6,1,1282,308,0x00000015,0x00005AD1,0x95,1,1,1
308,0,0,1,1282,309,0x00000015,0x00009665,0xF7,1,1,1
309,2,2,1,1282,310,0x00000015,0x00006183,0x81,1,1,1
310,2,2,1,1282,311,0x00000015,0x0000997E,0xCA,1,1,1
311,9,9,1,1282,312,0x00000015,0x000056B3,0x8F,1,1,1
312,1,1,1,1282,313,0x00000015,0x000050F0,0x86,1,1,1
313,0,0,1,1282,314,0x00000015,0x00008301,0xA1,1,1,1
314,3,3,1,1282,315,0x00000015,0x00007004,0x38,1,1,1
315,5,5,1,1282,316,0x00000015,0x00006548,0xBC,1,1,1
316,7,7,1,1282,317,0x00000015,0x00005788,0x70,1,1,1
317,0,0,1,1282,318,0x00000015,0x000076C3,0xC9,1,1,1
318,8,8,1,1282,319,0x00000015,0x0000D427,0xB5,1,1,1
319,1,1,1,1282,320,0x00000015,0x00005D7F,0x89,1,1,1
320,3,3,1,1282,321,0x00000015,0x000049BB,0x1B,1,1,1
321,5,5,1,1282,322,0x00000015,0x00006DA8,0x92,1,1,1
322,5,5,1,1282,323,0x00000015,0x00007B69,0xCD,1,1,1
323,4,4,1,1282,324,0x00000015,0x0000539F,0x79,1,1,1
324,8,8,1,1282,325,0x00000015,0x000063CB,0xF3,1,1,1
325,0,0,1,1282,326,0x00000015,0x000072ED,0x27,1,1,1
326,3,3,1,1282,327,0x00000015,0x00004351,0x49,1,1,1
327,6,0,0,1282,328,0x00000015,0x00006E38,0x1C,1,1,1
328,9,9,1,1282,329,0x00000015,0x00004B64,0x2C,1,1,1
329,6,6,1,1282,330,0x00000015,0x00006C81,0x83,1,1,1
330,9,9,1,1282,331,0x00000015,0x00004B48,0xFE,1,1,1
331,1,1,1,1282,332,0x00000015,0x00004D8E,0x1C,1,1,1
332,0,0,1,1282,333,0x00000015,0x000076D4,0x40,1,1,1
333,9,9,1,1282,334,0x00000015,0x000036B3,0x4F,1,1,1
334,4,4,1,1282,335,0x00000015,0x00007FF3,0x39,1,1,1
335,4,4,1,1282,336,0x00000015,0x00005319,0xBD,1,1,1
336,2,2,1,1282,337,0x00000015,0x00008946,0x44,1,1,1
337,8,8,1,1282,338,0x00000015,0x00006A0A,0x40,1,1,1
338,7,7,1,1282,339,0x00000015,0x00004BB9,0x39,1,1,1
339,1,1,1,1282,340,0x00000015,0x000044B9,0xCF,1,1,1
340,4,4,1,1282,341,0x00000015,0x000057A9,0x83,1,1,1
341,0,0,1,1282,342,0x00000015,0x00007D45,0x11,1,1,1
342,4,4,1,1282,343,0x00000015,0x000059FE,0xA2,1,1,1
343,2,2,1,1282,344,0x00000015,0x000090F9,0xFF,1,1,1
344,2,2,1,1282,345,0x00000015,0x000058CC,0x98,1,1,1
345,1,1,1,1282,346,0x00000015,0x000026D2,0xDE,1,1,1
346,0,0,1,1282,347,0x00000015,0x0000845E,0x02,1,1,1
347,8,8,1,1282,348,0x00000015,0x000061A9,0xE1,1,1,1
348,3,3,1,1282,349,0x00000015,0x00004480,0x34,1,1,1
349,4,4,1,1282,350,0x00000015,0x00005507,0x2D,1,1,1
350,0,0,1,1282,351,0x00000015,0x00009490,0x7C,1,1,1
351,2,2,1,1282,352,0x00000015,0x00005B56,0xD0,1,1,1
352,4,4,1,1282,353,0x00000015,0x0000456F,0xDD,1,1,1
353,6,6,1,1282,354,0x00000015,0x00008804,0x00,1,1,1
354,0,0,1,1282,355,0x00000015,0x00007F67,0x5D,1,1,1
355,9,9,1,1282,356,0x00000015,0x00009985,0xBB,1,1,1
356,0,0,1,1282,357,0x00000015,0x0000BBCC,0xE0,1,1,1
357,6,6,1,1282,358,0x00000015,0x000059C9,0x25,1,1,1
358,4,4,1,1282,359,0x00000015,0x000065B3,0x41,1,1,1
359,8,8,1,1282,360,0x00000015,0x000068B8,0x12,1,1,1
360,7,7,1,1282,361,0x00000015,0x00005630,0x8E,1,1,1
361,3,3,1,1282,362,0x00000015,0x0000A611,0x3D,1,1,1
362,1,1,1,1282,363,0x00000015,0x00002CFD,0xB7,1,1,1
363,5,5,1,1282,364,0x00000015,0x0000587C,0xA8,1,1,1
364,2,2,1,1282,365,0x00000015,0x000077D2,0x4E,1,1,1
365,5,5,1,1282,366,0x00000015,0x00006F28,0xD2,1,1,1
366,7,7,1,1282,367,0x00000015,0x000054E0,0x82,1,1,1
367,6,6,1,1282,368,0x00000015,0x0000756F,0xEB,1,1,1
368,8,8,1,1282,369,0x00000015,0x000050FB,0xE3,1,1,1
369,5,5,1,1282,370,0x00000015,0x000071E5,0x37,1,1,1
370,4,4,1,1282,371,0x00000015,0x000079C0,0x58,1,1,1
371,6,6,1,1282,372,0x00000015,0x00007417,0xC3,1,1,1
372,1,1,1,1282,373,0x00000015,0x000031B1,0xE5,1,1,1
373,4,4,1,1282,374,0x00000015,0x0000502B,0xA3,1,1,1
374,4,4,1,1282,375,0x00000015,0x00004E04,0x5C,1,1,1
375,2,2,1,1282,376,0x00000015,0x00009593,0x63,1,1,1
376,3,3,1,1282,377,0x00000015,0x0000772E,0x8C,1,1,1
377,6,6,1,1282,378,0x00000015,0x0000DDF5,0xB9,1,1,1
378,9,8,0,1282,379,0x00000015,0x0000BF4F,0x7B,1,1,1
379,2,2,1,1282,380,0x00000015,0x0000928E,0x4E,1,1,1
380,7,7,1,1282,381,0x00000015,0x0000517D,0x57,1,1,1
381,0,0,1,1282,382,0x00000015,0x00009445,0x3D,1,1,1
382,6,6,1,1282,383,0x00000015,0x00007AE7,0x7F,1,1,1
383,9,9,1,1282,384,0x00000015,0x00006532,0x42,1,1,1
384,8,8,1,1282,385,0x00000015,0x00009090,0x0C,1,1,1
385,6,6,1,1282,386,0x00000015,0x0000623A,0x66,1,1,1
386,8,8,1,1282,387,0x00000015,0x00005262,0x0C,1,1,1
387,4,4,1,1282,388,0x00000015,0x000057BA,0xE6,1,1,1
388,2,2,1,1282,389,0x00000015,0x000055A2,0x46,1,1,1
389,5,5,1,1282,390,0x00000015,0x00005FBF,0x05,1,1,1
390,6,6,1,1282,391,0x00000015,0x0000AF2C,0xCA,1,1,1
391,8,8,1,1282,392,0x00000015,0x00006BC4,0xF6,1,1,1
392,2,2,1,1282,393,0x00000015,0x00006453,0xA9,1,1,1
393,1,1,1,1282,394,0x00000015,0x00003B0E,0xB0,1,1,1
394,8,8,1,1282,395,0x00000015,0x000066D4,0x96,1,1,1
395,4,4,1,1282,396,0x00000015,0x00005B3D,0xD1,1,1,1
396,7,7,1,1282,397,0x00000015,0x00004DB4,0xAC,1,1,1
397,2,2,1,1282,398,0x00000015,0x00006ECD,0x49,1,1,1
398,0,0,1,1282,399,0x00000015,0x0000881E,0x76,1,1,1
399,3,3,1,1282,400,0x00000015,0x00006F20,0x52,1,1,1
400,1,1,1,1282,401,0x00000015,0x0000244E,0x76,1,1,1
401,6,2,0,1282,402,0x00000015,0x00005FAC,0x32,1,1,1
402,4,4,1,1282,403,0x00000015,0x00006384,0x9C,1,1,1
403,3,3,1,1282,404,0x00000015,0x0000901B,0x8B,1,1,1
404,2,2,1,1282,405,0x00000015,0x00004977,0x73,1,1,1
405,7,7,1,1282,406,0x00000015,0x000055A8,0xF2,1,1,1
406,7,8,0,1282,407,0x00000015,0x0000597B,0xEF,1,1,1
407,4,4,1,1282,408,0x00000015,0x00004EBB,0xEF,1,1,1
408,3,3,1,1282,409,0x00000015,0x00003EE1,0xA3,1,1,1
409,5,5,1,1282,410,0x00000015,0x00006AE4,0x16,1,1,1
410,1,1,1,1282,411,0x00000015,0x00002708,0x0E,1,1,1
411,2,2,1,1282,412,0x00000015,0x00006E03,0x4D,1,1,1
412,0,0,1,1282,413,0x00000015,0x00008341,0xF9,1,1,1
413,8,8,1,1282,414,0x00000015,0x000055C8,0x6E,1,1,1
414,3,3,1,1282,415,0x00000015,0x00009160,0xCC,1,1,1
415,2,2,1,1282,416,0x00000015,0x00009306,0xE0,1,1,1
416,0,0,1,1282,417,0x00000015,0x0000CD57,0x4F,1,1,1
417,4,4,1,1282,418,0x00000015,0x000060CA,0x3E,1,1,1
418,6,6,1,1282,419,0x00000015,0x00008907,0x49,1,1,1
419,3,3,1,1282,420,0x00000015,0x000056C6,0xD6,1,1,1
420,3,3,1,1282,421,0x00000015,0x0000AE04,0xB2,1,1,1
421,6,6,1,1282,422,0x00000015,0x00007B6D,0xCD,1,1,1
422,2,2,1,1282,423,0x00000015,0x0000641A,0x8C,1,1,1
423,1,1,1,1282,424,0x00000015,0x00003E82,0x5C,1,1,1
424,7,7,1,1282,425,0x00000015,0x000050BD,0xE1,1,1,1
425,6,6,1,1282,426,0x00000015,0x00006DB1,0x89,1,1,1
426,0,0,1,1282,427,0x00000015,0x00009082,0x80,1,1,1
427,6,6,1,1282,428,0x00000015,0x00004E9F,0x1F,1,1,1
428,6,6,1,1282,429,0x00000015,0x0000BA4E,0xD4,1,1,1
429,6,6,1,1282,430,0x00000015,0x00006D1A,0x5A,1,1,1
430,3,3,1,1282,431,0x00000015,0x00004DCF,0x47,1,1,1
431,5,5,1,1282,432,0x00000015,0x0000328D,0x97,1,1,1
432,2,2,1,1282,433,0x00000015,0x00009C5D,0x97,1,1,1
433,5,5,1,1282,434,0x00000015,0x0000543F,0x3D,1,1,1
434,4,4,1,1282,435,0x00000015,0x00007261,0x3F,1,1,1
435,0,0,1,1282,436,0x00000015,0x00007441,0x75,1,1,1
436,7,7,1,1282,437,0x00000015,0x000049DF,0xE1,1,1,1
437,2,2,1,1282,438,0x00000015,0x000050D3,0x8F,1,1,1
438,6,6,1,1282,439,0x00000015,0x00006788,0xAA,1,1,1
439,9,9,1,1282,440,0x00000015,0x00005DA7,0x69,1,1,1
440,2,2,1,1282,441,0x00000015,0x0000914D,0x01,1,1,1
441,1,1,1,1282,442,0x00000015,0x00002B03,0x77,1,1,1
442,1,1,1,1282,443,0x00000015,0x00005E44,0xD4,1,1,1
443,2,2,1,1282,444,0x00000015,0x00007258,0xC0,1,1,1
444,0,0,1,1282,445,0x00000015,0x0000AD0C,0xE6,1,1,1
445,4,4,1,1282,446,0x00000015,0x000068A0,0x52,1,1,1
446,9,9,1,1282,447,0x00000015,0x0000588B,0xF3,1,1,1
447,7,7,1,1282,448,0x00000015,0x00005D6E,0xCA,1,1,1
448,0,0,1,1282,449,0x00000015,0x00005988,0x6C,1,1,1
449,9,9,1,1282,450,0x00000015,0x0000A1FD,0x49,1,1,1
450,8,8,1,1282,451,0x00000015,0x00005B25,0xC3,1,1,1
451,9,9,1,1282,452,0x00000015,0x000074B2,0x12,1,1,1
452,8,8,1,1282,453,0x00000015,0x00004878,0x90,1,1,1
453,0,0,1,1282,454,0x00000015,0x00005642,0x44,1,1,1
454,8,8,1,1282,455,0x00000015,0x0000A951,0xA7,1,1,1
455,3,5,0,1282,456,0x00000015,0x000070F0,0x7A,1,1,1
456,3,3,1,1282,457,0x00000015,0x00007160,0x0C,1,1,1
457,3,3,1,1282,458,0x00000015,0x0000832D,0x8F,1,1,1
458,3,3,1,1282,459,0x00000015,0x000056E7,0x37,1,1,1
459,0,0,1,1282,460,0x00000015,0x000067EC,0xC2,1,1,1
460,0,0,1,1282,461,0x00000015,0x0000C272,0x58,1,1,1
461,3,3,1,1282,462,0x00000015,0x00006664,0xFC,1,1,1
462,9,9,1,1282,463,0x00000015,0x00006E6B,0x7B,1,1,1
463,4,4,1,1282,464,0x00000015,0x0000736A,0xC6,1,1,1
464,7,7,1,1282,465,0x00000015,0x00004DAB,0xAD,1,1,1
465,3,8,0,1282,466,0x00000015,0x0000AAFF,0x93,1,1,1
466,9,9,1,1282,467,0x00000015,0x000062F7,0x09,1,1,1
467,5,5,1,1282,468,0x00000015,0x000086B2,0xD2,1,1,1
468,0,0,1,1282,469,0x00000015,0x0000B625,0x21,1,1,1
469,4,4,1,1282,470,0x00000015,0x00007058,0x78,1,1,1
470,8,8,1,1282,471,0x00000015,0x000055F6,0x40,1,1,1
471,4,4,1,1282,472,0x00000015,0x0000524E,0xB8,1,1,1
472,9,9,1,1282,473,0x00000015,0x000064C0,0xF0,1,1,1
473,3,3,1,1282,474,0x00000015,0x00006372,0xC4,1,1,1
474,6,6,1,1282,475,0x00000015,0x00008596,0x40,1,1,1
475,2,2,1,1282,476,0x00000015,0x0000878B,0xE5,1,1,1
476,5,5,1,1282,477,0x00000015,0x000035C6,0x8E,1,1,1
477,9,9,1,1282,478,0x00000015,0x00006961,0x5D,1,1,1
478,3,3,1,1282,479,0x00000015,0x00005762,0xE8,1,1,1
479,6,6,1,1282,480,0x00000015,0x000073EB,0xCD,1,1,1
480,0,0,1,1282,481,0x00000015,0x00006F3B,0xC9,1,1,1
481,2,2,1,1282,482,0x00000015,0x000042BA,0x96,1,1,1
482,5,5,1,1282,483,0x00000015,0x000056AB,0xDD,1,1,1
483,8,8,1,1282,484,0x00000015,0x000078DD,0x63,1,1,1
484,2,2,1,1282,485,0x00000015,0x00007344,0x5C,1,1,1
485,4,4,1,1282,486,0x00000015,0x0000575C,0x2C,1,1,1
486,4,4,1,1282,487,0x00000015,0x00006F1E,0xE4,1,1,1
487,4,4,1,1282,488,0x00000015,0x00004DC7,0x1B,1,1,1
488,5,5,1,1282,489,0x00000015,0x0000540A,0x1C,1,1,1
489,6,6,1,1282,490,0x00000015,0x0000711D,0x31,1,1,1
490,9,9,1,1282,491,0x00000015,0x00004828,0x4C,1,1,1
491,1,1,1,1282,492,0x00000015,0x0000544D,0xAF,1,1,1
492,1,1,1,1282,493,0x00000015,0x00003DEA,0xE2,1,1,1
493,8,8,1,1282,494,0x00000015,0x000094FC,0x90,1,1,1
494,6,6,1,1282,495,0x00000015,0x00005F4A,0x1A,1,1,1
495,0,0,1,1282,496,0x00000015,0x0000985F,0xCD,1,1,1
496,9,9,1,1282,497,0x00000015,0x00005A67,0x67,1,1,1
497,8,8,1,1282,498,0x00000015,0x0000CF3C,0x80,1,1,1
498,7,7,1,1282,499,0x00000015,0x00006A9F,0xFF,1,1,1
499,4,4,1,1282,500,0x00000015,0x00004CC3,0xD7,1,1,1
500,7,7,1,1282,501,0x00000015,0x0000540D,0x57,1,1,1
501,4,4,1,1282,502,0x00000015,0x00003C11,0xD7,1,1,1
502,9,9,1,1282,503,0x00000015,0x0000659C,0x34,1,1,1
503,6,6,1,1282,504,0x00000015,0x00006519,0x45,1,1,1
504,7,7,1,1282,505,0x00000015,0x00007803,0x77,1,1,1
505,9,9,1,1282,506,0x00000015,0x00007756,0xE0,1,1,1
506,9,9,1,1282,507,0x00000015,0x00007E75,0x4F,1,1,1
507,5,5,1,1282,508,0x00000015,0x000040F8,0xE0,1,1,1
508,6,6,1,1282,509,0x00000015,0x00006BC6,0xEA,1,1,1
509,9,9,1,1282,510,0x00000015,0x00005807,0xBF,1,1,1
510,3,3,1,1282,511,0x00000015,0x00008218,0x16,1,1,1
511,3,3,1,1282,512,0x00000015,0x000077D0,0xB6,1,1,1
512,5,5,1,1282,513,0x00000015,0x0000811D,0x9F,1,1,1
513,9,9,1,1282,514,0x00000015,0x00005A27,0x31,1,1,1
514,5,5,1,1282,515,0x00000015,0x00007817,0x21,1,1,1
515,0,0,1,1282,516,0x00000015,0x00009487,0xB9,1,1,1
516,8,8,1,1282,517,0x00000015,0x0000706C,0x50,1,1,1
517,1,1,1,1282,518,0x00000015,0x000038FF,0x09,1,1,1
518,0,0,1,1282,519,0x00000015,0x0000B16C,0xA4,1,1,1
519,3,3,1,1282,520,0x00000015,0x00006526,0xD4,1,1,1
520,5,5,1,1282,521,0x00000015,0x00004D6E,0xCA,1,1,1
521,9,9,1,1282,522,0x00000015,0x0000680A,0x60,1,1,1
522,7,7,1,1282,523,0x00000015,0x000063FD,0xAD,1,1,1
523,3,3,1,1282,524,0x00000015,0x00006B6F,0x79,1,1,1
524,9,9,1,1282,525,0x00000015,0x000061BC,0xEC,1,1,1
525,4,4,1,1282,526,0x00000015,0x00007A89,0xCD,1,1,1
526,9,9,1,1282,527,0x00000015,0x00007815,0x39,1,1,1
527,9,9,1,1282,528,0x00000015,0x00006AC2,0x72,1,1,1
528,2,2,1,1282,529,0x00000015,0x00005FD3,0xF1,1,1,1
529,7,2,0,1282,530,0x00000015,0x00003962,0xB8,1,1,1
530,2,2,1,1282,531,0x00000015,0x0000C8A8,0x52,1,1,1
531,3,3,1,1282,532,0x00000015,0x00006328,0x0C,1,1,1
532,1,1,1,1282,533,0x00000015,0x000056F8,0x92,1,1,1
533,8,8,1,1282,534,0x00000015,0x00003909,0xDB,1,1,1
534,1,1,1,1282,535,0x00000015,0x00003835,0x0F,1,1,1
535,8,8,1,1282,536,0x00000015,0x000074C1,0x35,1,1,1
536,5,5,1,1282,537,0x00000015,0x00006367,0xF1,1,1,1
537,3,3,1,1282,538,0x00000015,0x00008646,0xC0,1,1,1
538,8,8,1,1282,539,0x00000015,0x000058D9,0x5F,1,1,1
539,4,4,1,1282,540,0x00000015,0x00005FBE,0x78,1,1,1
540,1,1,1,1282,541,0x00000015,0x00003903,0xFF,1,1,1
541,5,5,1,1282,542,0x00000015,0x00006CF7,0x37,1,1,1
542,5,5,1,1282,543,0x00000015,0x000044F0,0xC0,1,1,1
543,5,5,1,1282,544,0x00000015,0x0000A3C7,0x9F,1,1,1
544,3,3,1,1282,545,0x00000015,0x00007ECC,0xDA,1,1,1
545,3,3,1,1282,546,0x00000015,0x000069A1,0xA5,1,1,1
546,7,7,1,1282,547,0x00000015,0x00007A11,0x45,1,1,1
547,8,8,1,1282,548,0x00000015,0x00007200,0x82,1,1,1
548,9,9,1,1282,549,0x00000015,0x00006D7C,0x6A,1,1,1
549,4,4,1,1282,550,0x00000015,0x00004F95,0xC1,1,1,1
550,9,9,1,1282,551,0x00000015,0x0000388D,0x99,1,1,1
551,1,1,1,1282,552,0x00000015,0x00003F1C,0xB6,1,1,1
552,4,4,1,1282,553,0x00000015,0x00009C60,0x4E,1,1,1
553,5,5,1,1282,554,0x00000015,0x000044EF,0x21,1,1,1
554,7,7,1,1282,555,0x00000015,0x000064DF,0x89,1,1,1
555,7,7,1,1282,556,0x00000015,0x00004A66,0xA6,1,1,1
556,5,5,1,1282,557,0x00000015,0x00004EB6,0x48,1,1,1
557,1,1,1,1282,558,0x00000015,0x00003C87,0x3F,1,1,1
558,4,4,1,1282,559,0x00000015,0x00005CF8,0xDE,1,1,1
559,0,0,1,1282,560,0x00000015,0x000054DA,0xBE,1,1,1
560,7,7,1,1282,561,0x00000015,0x00003D84,0x78,1,1,1
561,0,0,1,1282,562,0x00000015,0x00008BC0,0xFE,1,1,1
562,4,4,1,1282,563,0x00000015,0x00008644,0x9C,1,1,1
563,0,0,1,1282,564,0x00000015,0x000078CC,0x34,1,1,1
564,8,8,1,1282,565,0x00000015,0x0000688F,0x29,1,1,1
565,2,2,1,1282,566,0x00000015,0x0000918F,0x8B,1,1,1
566,1,1,1,1282,567,0x00000015,0x0000527C,0x20,1,1,1
567,6,6,1,1282,568,0x00000015,0x00008C55,0x5F,1,1,1
568,4,4,1,1282,569,0x00000015,0x0000A80A,0x7C,1,1,1
569,2,2,1,1282,570,0x00000015,0x0000604F,0x9D,1,1,1
570,2,2,1,1282,571,0x00000015,0x000066C1,0x4F,1,1,1
571,6,6,1,1282,572,0x00000015,0x00008281,0x57,1,1,1
572,4,4,1,1282,573,0x00000015,0x00004BC6,0x42,1,1,1
573,9,9,1,1282,574,0x00000015,0x00009C8A,0x78,1,1,1
574,0,0,1,1282,575,0x00000015,0x0000A27C,0x52,1,1,1
575,6,6,1,1282,576,0x00000015,0x000062C8,0xD2,1,1,1
576,6,6,1,1282,577,0x00000015,0x0000894A,0x10,1,1,1
577,2,2,1,1282,578,0x00000015,0x00006BA5,0x0B,1,1,1
578,2,2,1,1282,579,0x00000015,0x0000A602,0xF4,1,1,1
579,9,9,1,1282,580,0x00000015,0x00005630,0x66,1,1,1
580,3,3,1,1282,581,0x00000015,0x00006704,0x4A,1,1,1
581,2,2,1,1282,582,0x00000015,0x0000A941,0x9B,1,1,1
582,2,2,1,1282,583,0x00000015,0x00006EAD,0x29,1,1,1
583,7,7,1,1282,584,0x00000015,0x00006822,0x80,1,1,1
584,7,7,1,1282,585,0x00000015,0x00006C5B,0x39,1,1,1
585,2,2,1,1282,586,0x00000015,0x00005F54,0x9C,1,1,1
586,4,4,1,1282,587,0x00000015,0x00005152,0xA8,1,1,1
587,7,7,1,1282,588,0x00000015,0x00007A1D,0x63,1,1,1
588,6,6,1,1282,589,0x00000015,0x000090D3,0x75,1,1,1
589,4,4,1,1282,590,0x00000015,0x0000637A,0x3A,1,1,1
590,2,2,1,1282,591,0x00000015,0x00008D24,0x2A,1,1,1
591,1,1,1,1282,592,0x00000015,0x000042CA,0x98,1,1,1
592,2,2,1,1282,593,0x00000015,0x00008737,0xCB,1,1,1
593,5,5,1,1282,594,0x00000015,0x000067B6,0x4A,1,1,1
594,9,9,1,1282,595,0x00000015,0x000061A2,0xC4,1,1,1
595,3,3,1,1282,596,0x00000015,0x0000653B,0xF1,1,1,1
596,9,9,1,1282,597,0x00000015,0x00007187,0xED,1,1,1
597,2,2,1,1282,598,0x00000015,0x0000666A,0x0C,1,1,1
598,3,3,1,1282,599,0x00000015,0x00003E02,0x16,1,1,1
599,8,8,1,1282,600,0x00000015,0x00007F27,0x21,1,1,1
600,5,5,1,1282,601,0x00000015,0x00007478,0x72,1,1,1
601,1,1,1,1282,602,0x00000015,0x00004158,0xB2,1,1,1
602,3,3,1,1282,603,0x00000015,0x0000638B,0x9F,1,1,1
603,9,9,1,1282,604,0x00000015,0x00004CEB,0x87,1,1,1
604,7,9,0,1282,605,0x00000015,0x00005772,0xC0,1,1,1
605,5,5,1,1282,606,0x00000015,0x000073F2,0xF4,1,1,1
606,0,0,1,1282,607,0x00000015,0x00008299,0xB9,1,1,1
607,3,3,1,1282,608,0x00000015,0x00006F5D,0x1B,1,1,1
608,8,8,1,1282,609,0x00000015,0x00006056,0xCA,1,1,1
609,3,3,1,1282,610,0x00000015,0x000084F4,0xCA,1,1,1
610,5,5,1,1282,611,0x00000015,0x00006727,0xBF,1,1,1
611,7,7,1,1282,612,0x00000015,0x00005682,0x7A,1,1,1
612,8,8,1,1282,613,0x00000015,0x00008776,0x72,1,1,1
613,1,1,1,1282,614,0x00000015,0x0000517C,0x9E,1,1,1
614,9,9,1,1282,615,0x00000015,0x00005186,0x7A,1,1,1
615,2,2,1,1282,616,0x00000015,0x0000723C,0xE4,1,1,1
616,7,7,1,1282,617,0x00000015,0x00003898,0x16,1,1,1
617,2,2,1,1282,618,0x00000015,0x00005E7D,0x7B,1,1,1
618,5,5,1,1282,619,0x00000015,0x00008601,0xC1,1,1,1
619,1,1,1,1282,620,0x00000015,0x000028CE,0x28,1,1,1
620,3,3,1,1282,621,0x00000015,0x00009B20,0xAE,1,1,1
621,1,1,1,1282,622,0x00000015,0x00002F47,0xB5,1,1,1
622,8,8,1,1282,623,0x00000015,0x00007F64,0xA6,1,1,1
623,7,7,1,1282,624,0x00000015,0x00004171,0x2D,1,1,1
624,5,5,1,1282,625,0x00000015,0x00005485,0x3F,1,1,1
625,3,3,1,1282,626,0x00000015,0x00007409,0x93,1,1,1
626,2,2,1,1282,627,0x00000015,0x00008156,0x40,1,1,1
627,2,2,1,1282,628,0x00000015,0x0000BEB1,0x9F,1,1,1
628,9,9,1,1282,629,0x00000015,0x00003126,0x92,1,1,1
629,1,1,1,1282,630,0x00000015,0x00002545,0x0D,1,1,1
630,1,1,1,1282,631,0x00000015,0x000047A9,0xC7,1,1,1
631,4,4,1,1282,632,0x00000015,0x00006561,0x4B,1,1,1
632,6,6,1,1282,633,0x00000015,0x000038B1,0xA5,1,1,1
633,6,6,1,1282,634,0x00000015,0x0000770B,0x37,1,1,1
634,6,6,1,1282,635,0x00000015,0x00007B37,0x27,1,1,1
635,3,3,1,1282,636,0x00000015,0x000092BC,0xC0,1,1,1
636,4,4,1,1282,637,0x00000015,0x000071C9,0x4D,1,1,1
637,0,0,1,1282,638,0x00000015,0x0000A0C1,0x1B,1,1,1
638,7,7,1,1282,639,0x00000015,0x00005398,0xA2,1,1,1
639,7,7,1,1282,640,0x00000015,0x00006796,0xA2,1,1,1
640,5,5,1,1282,641,0x00000015,0x00004503,0xA7,1,1,1
641,1,1,1,1282,642,0x00000015,0x0000584E,0x9C,1,1,1
642,6,6,1,1282,643,0x00000015,0x00006ED4,0x4C,1,1,1
643,3,3,1,1282,644,0x00000015,0x0000485A,0xE2,1,1,1
644,8,8,1,1282,645,0x00000015,0x000061E7,0x5B,1,1,1
645,0,0,1,1282,646,0x00000015,0x0000AF7F,0xDD,1,1,1
646,4,4,1,1282,647,0x00000015,0x00005B5C,0x9E,1,1,1
647,6,6,1,1282,648,0x00000015,0x00004289,0x33,1,1,1
648,8,8,1,1282,649,0x00000015,0x0000537C,0x20,1,1,1
649,5,5,1,1282,650,0x00000015,0x000097FF,0xE1,1,1,1
650,8,8,1,1282,651,0x00000015,0x00008937,0x85,1,1,1
651,2,2,1,1282,652,0x00000015,0x000057FE,0x70,1,1,1
652,7,7,1,1282,653,0x00000015,0x00005C78,0xF4,1,1,1
653,7,7,1,1282,654,0x00000015,0x000057DC,0x90,1,1,1
654,7,7,1,1282,655,0x00000015,0x000060F8,0x68,1,1,1
655,3,3,1,1282,656,0x00000015,0x000063D0,0xCC,1,1,1
656,6,6,1,1282,657,0x00000015,0x00009041,0xD3,1,1,1
657,3,0,0,1282,658,0x00000015,0x00008BA6,0xCC,1,1,1
658,9,9,1,1282,659,0x00000015,0x00005883,0xD9,1,1,1
659,2,2,1,1282,660,0x00000015,0x000054D3,0xE3,1,1,1
660,2,2,1,1282,661,0x00000015,0x0000691E,0x80,1,1,1
661,1,1,1,1282,662,0x00000015,0x00005132,0x00,1,1,1
662,5,5,1,1282,663,0x00000015,0x00007DF2,0x4C,1,1,1
663,3,3,1,1282,664,0x00000015,0x00008147,0xBF,1,1,1
664,4,4,1,1282,665,0x00000015,0x0000547D,0x0B,1,1,1
665,3,3,1,1282,666,0x00000015,0x00005A31,0x79,1,1,1
666,1,1,1,1282,667,0x00000015,0x0000276B,0xD1,1,1,1
667,1,1,1,1282,668,0x00000015,0x00003808,0x82,1,1,1
668,2,2,1,1282,669,0x00000015,0x00009157,0xB9,1,1,1
669,7,7,1,1282,670,0x00000015,0x000044CC,0xEC,1,1,1
670,6,6,1,1282,671,0x00000015,0x00008967,0x9F,1,1,1
671,1,1,1,1282,672,0x00000015,0x00003CA7,0x21,1,1,1
672,8,8,1,1282,673,0x00000015,0x0000485A,0x86,1,1,1
673,6,6,1,1282,674,0x00000015,0x000074C1,0x73,1,1,1
674,6,6,1,1282,675,0x00000015,0x000060B3,0xD7,1,1,1
675,0,0,1,1282,676,0x00000015,0x0000ABA5,0xC9,1,1,1
676,0,0,1,1282,677,0x00000015,0x00009324,0x74,1,1,1
677,5,5,1,1282,678,0x00000015,0x00005624,0xD4,1,1,1
678,4,4,1,1282,679,0x00000015,0x00005A34,0x80,1,1,1
679,0,0,1,1282,680,0x00000015,0x0000704A,0x42,1,1,1
680,0,0,1,1282,681,0x00000015,0x00006CC5,0x7F,1,1,1
681,2,2,1,1282,682,0x00000015,0x00005505,0x79,1,1,1
682,7,2,0,1282,683,0x00000015,0x00006A6E,0xB8,1,1,1
683,1,1,1,1282,684,0x00000015,0x00004AF6,0xCA,1,1,1
684,8,2,0,1282,685,0x00000015,0x00004658,0x7C,1,1,1
685,7,7,1,1282,686,0x00000015,0x000087D9,0xA5,1,1,1
686,9,9,1,1282,687,0x00000015,0x000053A2,0x1E,1,1,1
687,5,5,1,1282,688,0x00000015,0x00005834,0x90,1,1,1
688,8,8,1,1282,689,0x00000015,0x00007E62,0x08,1,1,1
689,0,0,1,1282,690,0x00000015,0x0000C68D,0x89,1,1,1
690,4,4,1,1282,691,0x00000015,0x00005435,0xD1,1,1,1
691,0,0,1,1282,692,0x00000015,0x00008005,0x81,1,1,1
692,8,8,1,1282,693,0x00000015,0x00008C44,0x6A,1,1,1
693,6,6,1,1282,694,0x00000015,0x00007002,0xDE,1,1,1
694,6,6,1,1282,695,0x00000015,0x00006E41,0x61,1,1,1
695,5,5,1,1282,696,0x00000015,0x00007FB9,0xE7,1,1,1
696,1,1,1,1282,697,0x00000015,0x00003471,0xB9,1,1,1
697,9,9,1,1282,698,0x00000015,0x00006856,0x90,1,1,1
698,9,9,1,1282,699,0x00000015,0x000066AC,0x3C,1,1,1
699,2,2,1,1282,700,0x00000015,0x00006099,0x4F,1,1,1
700,0,0,1,1282,701,0x00000015,0x00008B0A,0x08,1,1,1
701,1,1,1,1282,702,0x00000015,0x00004361,0xE5,1,1,1
702,2,2,1,1282,703,0x00000015,0x00006F67,0x2B,1,1,1
703,8,8,1,1282,704,0x00000015,0x00005898,0xFC,1,1,1
704,9,9,1,1282,705,0x00000015,0x00004CFE,0x78,1,1,1
705,9,9,1,1282,706,0x00000015,0x0000568C,0x56,1,1,1
706,5,5,1,1282,707,0x00000015,0x00003598,0x9C,1,1,1
707,2,2,1,1282,708,0x00000015,0x00005169,0x35,1,1,1
708,1,1,1,1282,709,0x00000015,0x00002EEA,0x46,1,1,1
709,9,9,1,1282,710,0x00000015,0x0000575C,0x96,1,1,1
710,9,9,1,1282,711,0x00000015,0x00008389,0xAF,1,1,1
711,0,0,1,1282,712,0x00000015,0x00006F5C,0x60,1,1,1
712,7,7,1,1282,713,0x00000015,0x0000565D,0xEB,1,1,1
713,1,1,1,1282,714,0x00000015,0x000048BE,0x80,1,1,1
714,7,7,1,1282,715,0x00000015,0x00008942,0x3A,1,1,1
715,2,2,1,1282,716,0x00000015,0x000077EC,0xE4,1,1,1
716,5,5,1,1282,717,0x00000015,0x00006585,0x1B,1,1,1
717,6,6,1,1282,718,0x00000015,0x00006704,0x00,1,1,1
718,3,3,1,1282,719,0x00000015,0x00009728,0xB0,1,1,1
719,5,5,1,1282,720,0x00000015,0x00007476,0x52,1,1,1
720,5,5,1,1282,721,0x00000015,0x00006737,0x9F,1,1,1
721,5,5,1,1282,722,0x00000015,0x00005583,0x43,1,1,1
722,4,4,1,1282,723,0x00000015,0x000062BB,0x71,1,1,1
723,8,8,1,1282,724,0x00000015,0x00007A2F,0xB3,1,1,1
724,5,5,1,1282,725,0x00000015,0x00008902,0xE2,1,1,1
725,7,7,1,1282,726,0x00000015,0x000042F2,0xB4,1,1,1
726,3,3,1,1282,727,0x00000015,0x00004CDB,0xD9,1,1,1
727,0,0,1,1282,728,0x00000015,0x00009B4A,0x7E,1,1,1
728,5,5,1,1282,729,0x00000015,0x0000663E,0x7E,1,1,1
729,1,1,1,1282,730,0x00000015,0x00003292,0xB6,1,1,1
730,5,5,1,1282,731,0x00000015,0x00006080,0x86,1,1,1
731,4,4,1,1282,732,0x00000015,0x00004F55,0xDB,1,1,1
732,1,1,1,1282,733,0x00000015,0x000057BF,0x97,1,1,1
733,0,0,1,1282,734,0x00000015,0x00009378,0x40,1,1,1
734,6,6,1,1282,735,0x00000015,0x00007F4D,0xDD,1,1,1
735,7,7,1,1282,736,0x00000015,0x00004955,0x8D,1,1,1
736,6,6,1,1282,737,0x00000015,0x00007702,0xDC,1,1,1
737,5,5,1,1282,738,0x00000015,0x00003C38,0xD2,1,1,1
738,3,3,1,1282,739,0x00000015,0x00007394,0x0E,1,1,1
739,8,8,1,1282,740,0x00000015,0x0000806A,0x88,1,1,1
740,6,6,1,1282,741,0x00000015,0x00006B33,0x97,1,1,1
741,0,0,1,1282,742,0x00000015,0x00009B7B,0xC5,1,1,1
742,4,4,1,1282,743,0x00000015,0x000036D6,0xD2,1,1,1
743,2,2,1,1282,744,0x00000015,0x00004E7A,0x72,1,1,1
744,0,0,1,1282,745,0x00000015,0x00007A62,0xFE,1,1,1
745,7,2,0,1282,746,0x00000015,0x0000753D,0x69,1,1,1
746,3,3,1,1282,747,0x00000015,0x00006647,0xED,1,1,1
747,6,6,1,1282,748,0x00000015,0x0000466D,0x0B,1,1,1
748,6,6,1,1282,749,0x00000015,0x000060D7,0x47,1,1,1
749,3,3,1,1282,750,0x00000015,0x0000528A,0xC8,1,1,1
750,8,9,0,1282,751,0x00000015,0x00006255,0x39,1,1,1
751,8,8,1,1282,752,0x00000015,0x00003BCD,0xAF,1,1,1
752,6,6,1,1282,753,0x00000015,0x000090C2,0xBC,1,1,1
753,2,2,1,1282,754,0x00000015,0x000068D2,0x84,1,1,1
754,9,9,1,1282,755,0x00000015,0x00006B19,0x97,1,1,1
755,8,8,1,1282,756,0x00000015,0x000067EC,0xA0,1,1,1
756,7,7,1,1282,757,0x00000015,0x0000499C,0x0E,1,1,1
757,9,9,1,1282,758,0x00000015,0x000064FA,0x92,1,1,1
758,3,3,1,1282,759,0x00000015,0x0000A80A,0x54,1,1,1
759,5,5,1,1282,760,0x00000015,0x0000578B,0x2D,1,1,1
760,4,4,1,1282,761,0x00000015,0x00003FEB,0x65,1,1,1
761,1,1,1,1282,762,0x00000015,0x00002CF1,0xC9,1,1,1
762,8,8,1,1282,763,0x00000015,0x00006341,0xDD,1,1,1
763,3,3,1,1282,764,0x00000015,0x000057A8,0x08,1,1,1
764,5,5,1,1282,765,0x00000015,0x00004B85,0xB1,1,1,1
765,8,8,1,1282,766,0x00000015,0x00007492,0x70,1,1,1
766,5,5,1,1282,767,0x00000015,0x00005E77,0x49,1,1,1
767,1,1,1,1282,768,0x00000015,0x00004228,0x94,1,1,1
768,5,5,1,1282,769,0x00000015,0x0000605A,0xF4,1,1,1
769,6,6,1,1282,770,0x00000015,0x00005B40,0x3E,1,1,1
770,5,5,1,1282,771,0x00000015,0x00006CA3,0x7D,1,1,1
771,9,9,1,1282,772,0x00000015,0x0000691C,0xFA,1,1,1
772,5,5,1,1282,773,0x00000015,0x00006D17,0x8D,1,1,1
773,6,6,1,1282,774,0x00000015,0x000053B6,0x08,1,1,1
774,9,9,1,1282,775,0x00000015,0x0000421C,0xE0,1,1,1
775,2,2,1,1282,776,0x00000015,0x00009C03,0x43,1,1,1
776,1,1,1,1282,777,0x00000015,0x00003383,0x89,1,1,1
777,8,8,1,1282,778,0x00000015,0x000069EB,0x19,1,1,1
778,5,5,1,1282,779,0x00000015,0x00008A2C,0x40,1,1,1
779,6,6,1,1282,780,0x00000015,0x00007369,0x03,1,1,1
780,6,6,1,1282,781,0x00000015,0x000081ED,0x15,1,1,1
781,0,0,1,1282,782,0x00000015,0x000084C6,0xFE,1,1,1
782,5,5,1,1282,783,0x00000015,0x00004EFA,0x5E,1,1,1
783,2,2,1,1282,784,0x00000015,0x00008937,0x25,1,1,1
784,0,0,1,1282,785,0x00000015,0x00009310,0x10,1,1,1
785,4,4,1,1282,786,0x00000015,0x00003B1B,0x73,1,1,1
786,5,5,1,1282,787,0x00000015,0x000044E8,0xE2,1,1,1
787,8,8,1,1282,788,0x00000015,0x00008685,0x13,1,1,1
788,0,0,1,1282,789,0x00000015,0x00007B6E,0x5E,1,1,1
789,4,4,1,1282,790,0x00000015,0x000067BE,0x4A,1,1,1
790,8,8,1,1282,791,0x00000015,0x000079FD,0xD7,1,1,1
791,7,7,1,1282,792,0x00000015,0x00006A9B,0xA1,1,1,1
792,9,9,1,1282,793,0x00000015,0x00007250,0x54,1,1,1
793,4,9,0,1282,794,0x00000015,0x0000520F,0xDD,1,1,1
794,8,8,1,1282,795,0x00000015,0x00006E0B,0x4F,1,1,1
795,8,8,1,1282,796,0x00000015,0x00004FC8,0x8C,1,1,1
796,2,2,1,1282,797,0x00000015,0x0000C51A,0x8E,1,1,1
797,6,6,1,1282,798,0x00000015,0x00009FF6,0x58,1,1,1
798,5,5,1,1282,799,0x00000015,0x00005327,0xCB,1,1,1
799,8,8,1,1282,800,0x00000015,0x00008F3D,0xBF,1,1,1
800,2,2,1,1282,801,0x00000015,0x00006521,0xE5,1,1,1
801,9,9,1,1282,802,0x00000015,0x000072D8,0xF6,1,1,1
802,1,1,1,1282,803,0x00000015,0x00003437,0x63,1,1,1
803,3,3,1,1282,804,0x00000015,0x00007B99,0x71,1,1,1
804,9,9,1,1282,805,0x00000015,0x000088EA,0x98,1,1,1
805,6,6,1,1282,806,0x00000015,0x00007B5B,0xF9,1,1,1
806,8,8,1,1282,807,0x00000015,0x00005D00,0xCE,1,1,1
807,1,1,1,1282,808,0x00000015,0x000042FC,0x7E,1,1,1
808,1,1,1,1282,809,0x00000015,0x00004435,0xC1,1,1,1
809,3,3,1,1282,810,0x00000015,0x00002490,0x48,1,1,1
810,2,2,1,1282,811,0x00000015,0x0000A24D,0xB3,1,1,1
811,8,8,1,1282,812,0x00000015,0x000072C4,0xAE,1,1,1
812,7,7,1,1282,813,0x00000015,0x000056F1,0xC5,1,1,1
813,3,3,1,1282,814,0x00000015,0x000070C5,0x23,1,1,1
814,9,9,1,1282,815,0x00000015,0x000071DB,0xC5,1,1,1
815,1,1,1,1282,816,0x00000015,0x00004804,0x28,1,1,1
816,5,5,1,1282,817,0x00000015,0x00006DDD,0xFD,1,1,1
817,4,4,1,1282,818,0x00000015,0x000053EB,0x4B,1,1,1
818,4,4,1,1282,819,0x00000015,0x000064EC,0x1C,1,1,1
819,8,8,1,1282,820,0x00000015,0x0000A587,0xD3,1,1,1
820,9,9,1,1282,821,0x00000015,0x00005F71,0x6F,1,1,1
821,7,2,0,1282,822,0x00000015,0x00007A4A,0x40,1,1,1
822,3,3,1,1282,823,0x00000015,0x00008670,0xB0,1,1,1
823,9,9,1,1282,824,0x00000015,0x0000437B,0x95,1,1,1
824,1,1,1,1282,825,0x00000015,0x00003B49,0xD1,1,1,1
825,8,8,1,1282,826,0x00000015,0x0000C5B9,0xDF,1,1,1
826,7,8,0,1282,827,0x00000015,0x00007531,0x8D,1,1,1
827,8,8,1,1282,828,0x00000015,0x00008A67,0x25,1,1,1
828,3,3,1,1282,829,0x00000015,0x00005953,0x5B,1,1,1
829,5,5,1,1282,830,0x00000015,0x000056FE,0xCA,1,1,1
830,8,8,1,1282,831,0x00000015,0x00004E38,0x7C,1,1,1
831,4,4,1,1282,832,0x00000015,0x00004A1C,0x62,1,1,1
832,7,7,1,1282,833,0x00000015,0x00004111,0x43,1,1,1
833,1,1,1,1282,834,0x00000015,0x00006C86,0x34,1,1,1
834,5,5,1,1282,835,0x00000015,0x00007025,0x9D,1,1,1
835,3,3,1,1282,836,0x00000015,0x0000A263,0x9D,1,1,1
836,2,8,0,1282,837,0x00000015,0x000085F1,0x5D,1,1,1
837,0,0,1,1282,838,0x00000015,0x000081F7,0x9D,1,1,1
838,8,8,1,1282,839,0x00000015,0x00006B15,0x0F,1,1,1
839,6,6,1,1282,840,0x00000015,0x000066D5,0x6D,1,1,1
840,3,3,1,1282,841,0x00000015,0x000095F8,0x4C,1,1,1
841,6,6,1,1282,842,0x00000015,0x00004EBD,0xC5,1,1,1
842,9,9,1,1282,843,0x00000015,0x0000634E,0xFA,1,1,1
843,6,0,0,1282,844,0x00000015,0x00006B70,0x5E,1,1,1
844,6,6,1,1282,845,0x00000015,0x00006D7E,0xF8,1,1,1
845,7,7,1,1282,846,0x00000015,0x0000521F,0x93,1,1,1
846,5,5,1,1282,847,0x00000015,0x00007749,0xE9,1,1,1
847,3,5,0,1282,848,0x00000015,0x00004385,0x81,1,1,1
848,6,6,1,1282,849,0x00000015,0x0000470C,0x48,1,1,1
849,1,1,1,1282,850,0x00000015,0x00006429,0xCB,1,1,1
850,3,3,1,1282,851,0x00000015,0x000092E3,0xD9,1,1,1
851,5,5,1,1282,852,0x00000015,0x00006231,0x73,1,1,1
852,7,7,1,1282,853,0x00000015,0x00004DFD,0xF3,1,1,1
853,7,7,1,1282,854,0x00000015,0x00006BE3,0x1B,1,1,1
854,7,7,1,1282,855,0x00000015,0x0000749D,0x5B,1,1,1
855,9,9,1,1282,856,0x00000015,0x00006D7F,0x8F,1,1,1
856,7,2,0,1282,857,0x00000015,0x00005B56,0xBC,1,1,1
857,7,7,1,1282,858,0x00000015,0x00005516,0xDE,1,1,1
858,0,0,1,1282,859,0x00000015,0x0000737E,0x2C,1,1,1
859,4,4,1,1282,860,0x00000015,0x0000B10F,0xB3,1,1,1
860,4,9,0,1282,861,0x00000015,0x00005214,0x1C,1,1,1
861,2,2,1,1282,862,0x00000015,0x0000746A,0x98,1,1,1
862,9,9,1,1282,863,0x00000015,0x0000AA13,0xC5,1,1,1
863,6,6,1,1282,864,0x00000015,0x00008A4A,0x94,1,1,1
864,8,8,1,1282,865,0x00000015,0x00006172,0xEC,1,1,1
865,3,3,1,1282,866,0x00000015,0x00006D3C,0x56,1,1,1
866,1,1,1,1282,867,0x00000015,0x00004DBF,0x8B,1,1,1
867,9,9,1,1282,868,0x00000015,0x00004BD4,0x3E,1,1,1
868,8,8,1,1282,869,0x00000015,0x000092BE,0x9E,1,1,1
869,2,2,1,1282,870,0x00000015,0x000073DF,0xAF,1,1,1
870,4,4,1,1282,871,0x00000015,0x0000428C,0xE0,1,1,1
871,9,9,1,1282,872,0x00000015,0x00002496,0x40,1,1,1
872,5,5,1,1282,873,0x00000015,0x0000526E,0x18,1,1,1
873,2,2,1,1282,874,0x00000015,0x0000924A,0x4C,1,1,1
874,1,1,1,1282,875,0x00000015,0x00003D31,0x69,1,1,1
875,1,1,1,1282,876,0x00000015,0x000045D6,0x92,1,1,1
876,1,1,1,1282,877,0x00000015,0x000026E8,0xC8,1,1,1
877,4,4,1,1282,878,0x00000015,0x000065FE,0x56,1,1,1
878,4,4,1,1282,879,0x00000015,0x00004B71,0x89,1,1,1
879,3,3,1,1282,880,0x00000015,0x000066CB,0x9F,1,1,1
880,2,2,1,1282,881,0x00000015,0x00007C40,0x06,1,1,1
881,7,7,1,1282,882,0x00000015,0x00006182,0x2C,1,1,1
882,6,6,1,1282,883,0x00000015,0x000086F5,0x11,1,1,1
883,3,3,1,1282,884,0x00000015,0x000095DA,0x48,1,1,1
884,2,2,1,1282,885,0x00000015,0x00009642,0xEC,1,1,1
885,2,2,1,1282,886,0x00000015,0x00005E31,0x7F,1,1,1
886,2,2,1,1282,887,0x00000015,0x0000989E,0x36,1,1,1
887,4,4,1,1282,888,0x00000015,0x00004F1A,0x92,1,1,1
888,7,7,1,1282,889,0x00000015,0x00003624,0xC0,1,1,1
889,2,2,1,1282,890,0x00000015,0x00006F92,0x66,1,1,1
890,3,3,1,1282,891,0x00000015,0x00004B97,0x33,1,1,1
891,8,8,1,1282,892,0x00000015,0x00007602,0x2E,1,1,1
892,2,2,1,1282,893,0x00000015,0x0000745A,0xC0,1,1,1
893,9,9,1,1282,894,0x00000015,0x000053EC,0xD8,1,1,1
894,5,3,0,1282,895,0x00000015,0x00005B67,0x85,1,1,1
895,9,9,1,1282,896,0x00000015,0x0000595C,0x52,1,1,1
896,7,7,1,1282,897,0x00000015,0x00006C2D,0x85,1,1,1
897,1,1,1,1282,898,0x00000015,0x000052EE,0x44,1,1,1
898,7,7,1,1282,899,0x00000015,0x00004EFB,0xBF,1,1,1
899,0,0,1,1282,900,0x00000015,0x0000559F,0x49,1,1,1
900,1,1,1,1282,901,0x00000015,0x00003404,0x42,1,1,1
901,7,7,1,1282,902,0x00000015,0x000077F7,0x29,1,1,1
902,0,0,1,1282,903,0x00000015,0x00008A70,0x14,1,1,1
903,2,2,1,1282,904,0x00000015,0x00007330,0xD4,1,1,1
904,5,5,1,1282,905,0x00000015,0x00006020,0xC6,1,1,1
905,7,7,1,1282,906,0x00000015,0x00006DD6,0x5C,1,1,1
906,4,4,1,1282,907,0x00000015,0x00006C60,0x4E,1,1,1
907,8,8,1,1282,908,0x00000015,0x00007E4F,0xBB,1,1,1
908,9,9,1,1282,909,0x00000015,0x00004EEC,0xC4,1,1,1
909,1,1,1,1282,910,0x00000015,0x00003800,0x24,1,1,1
910,3,3,1,1282,911,0x00000015,0x00009587,0xE1,1,1,1
911,1,1,1,1282,912,0x00000015,0x00003B44,0x54,1,1,1
912,4,4,1,1282,913,0x00000015,0x0000432F,0xDD,1,1,1
913,8,8,1,1282,914,0x00000015,0x00008C3B,0xB5,1,1,1
914,5,5,1,1282,915,0x00000015,0x000088E3,0x43,1,1,1
915,5,5,1,1282,916,0x00000015,0x0000654A,0x5C,1,1,1
916,3,3,1,1282,917,0x00000015,0x0000A284,0x8A,1,1,1
917,0,0,1,1282,918,0x00000015,0x0000A1E0,0x32,1,1,1
918,0,0,1,1282,919,0x00000015,0x0000A963,0xE3,1,1,1
919,2,2,1,1282,920,0x00000015,0x000051C8,0xA6,1,1,1
920,7,7,1,1282,921,0x00000015,0x00003429,0x2F,1,1,1
921,0,0,1,1282,922,0x00000015,0x0000A2DD,0x23,1,1,1
922,6,6,1,1282,923,0x00000015,0x00007AEA,0xCA,1,1,1
923,2,2,1,1282,924,0x00000015,0x000044C2,0x02,1,1,1
924,0,0,1,1282,925,0x00000015,0x000080E3,0xCF,1,1,1
925,0,0,1,1282,926,0x00000015,0x000061EC,0xD6,1,1,1
926,4,4,1,1282,927,0x00000015,0x000058AC,0x8E,1,1,1
927,7,7,1,1282,928,0x00000015,0x0000615F,0xEF,1,1,1
928,7,7,1,1282,929,0x00000015,0x00006015,0xB5,1,1,1
929,6,6,1,1282,930,0x00000015,0x0000A7D3,0xD9,1,1,1
930,6,6,1,1282,931,0x00000015,0x00003EA2,0xA8,1,1,1
931,4,4,1,1282,932,0x00000015,0x00007066,0x2E,1,1,1
932,9,9,1,1282,933,0x00000015,0x00007497,0x51,1,1,1
933,7,7,1,1282,934,0x00000015,0x00004EB7,0x1B,1,1,1
934,1,1,1,1282,935,0x00000015,0x00003716,0x92,1,1,1
935,1,1,1,1282,936,0x00000015,0x00004E51,0x21,1,1,1
936,6,6,1,1282,937,0x00000015,0x000097DA,0x9A,1,1,1
937,3,3,1,1282,938,0x00000015,0x000062EC,0x4A,1,1,1
938,1,1,1,1282,939,0x00000015,0x0000656D,0xE5,1,1,1
939,3,3,1,1282,940,0x00000015,0x0000BE7C,0x9E,1,1,1
940,9,3,0,1282,941,0x00000015,0x00007E13,0x71,1,1,1
941,4,4,1,1282,942,0x00000015,0x000058FF,0xDD,1,1,1
942,7,7,1,1282,943,0x00000015,0x0000816D,0x7D,1,1,1
943,2,2,1,1282,944,0x00000015,0x0000A58A,0xA6,1,1,1
944,9,7,0,1282,945,0x00000015,0x00005096,0x54,1,1,1
945,2,2,1,1282,946,0x00000015,0x0000612A,0x00,1,1,1
946,7,7,1,1282,947,0x00000015,0x00004607,0x73,1,1,1
947,0,0,1,1282,948,0x00000015,0x00009663,0xF1,1,1,1
948,8,8,1,1282,949,0x00000015,0x00005F5F,0x01,1,1,1
949,3,3,1,1282,950,0x00000015,0x00009DD1,0x13,1,1,1
950,8,8,1,1282,951,0x00000015,0x000067DE,0x80,1,1,1
951,4,4,1,1282,952,0x00000015,0x000061CF,0x81,1,1,1
952,7,7,1,1282,953,0x00000015,0x0000873C,0x98,1,1,1
953,4,4,1,1282,954,0x00000015,0x00003FB2,0x76,1,1,1
954,5,5,1,1282,955,0x00000015,0x00006DB6,0xD4,1,1,1
955,0,0,1,1282,956,0x00000015,0x00007B0F,0x33,1,1,1
956,7,7,1,1282,957,0x00000015,0x00005A2C,0xC4,1,1,1
957,9,9,1,1282,958,0x00000015,0x00008762,0xDA,1,1,1
958,8,8,1,1282,959,0x00000015,0x000063AE,0x48,1,1,1
959,5,5,1,1282,960,0x00000015,0x00003985,0xD1,1,1,1
960,0,0,1,1282,961,0x00000015,0x00008AFD,0xE1,1,1,1
961,9,9,1,1282,962,0x00000015,0x0000872B,0x4D,1,1,1
962,1,1,1,1282,963,0x00000015,0x0000549F,0x39,1,1,1
963,1,1,1,1282,964,0x00000015,0x000020F3,0x59,1,1,1
964,8,8,1,1282,965,0x00000015,0x000067EA,0x34,1,1,1
965,9,9,1,1282,966,0x00000015,0x000064B2,0x9E,1,1,1
966,8,8,1,1282,967,0x00000015,0x00007BA1,0x71,1,1,1
967,3,3,1,1282,968,0x00000015,0x00008C7C,0x2E,1,1,1
968,6,6,1,1282,969,0x00000015,0x0000A104,0x7C,1,1,1
969,1,1,1,1282,970,0x00000015,0x00002626,0x40,1,1,1
970,3,3,1,1282,971,0x00000015,0x000066FC,0x0C,1,1,1
971,0,0,1,1282,972,0x00000015,0x00008815,0x91,1,1,1
972,0,0,1,1282,973,0x00000015,0x00008ABA,0xC6,1,1,1
973,1,1,1,1282,974,0x00000015,0x00002D4E,0xA2,1,1,1
974,1,1,1,1282,975,0x00000015,0x000030D1,0x6F,1,1,1
975,2,2,1,1282,976,0x00000015,0x00007813,0x7F,1,1,1
976,7,7,1,1282,977,0x00000015,0x00003E54,0x2E,1,1,1
977,2,2,1,1282,978,0x00000015,0x0000521B,0xF7,1,1,1
978,8,8,1,1282,979,0x00000015,0x000086AC,0x60,1,1,1
979,7,7,1,1282,980,0x00000015,0x00004D44,0x50,1,1,1
980,3,5,0,1282,981,0x00000015,0x00006178,0x70,1,1,1
981,4,4,1,1282,982,0x00000015,0x00004220,0x84,1,1,1
982,2,2,1,1282,983,0x00000015,0x00006EF6,0x7C,1,1,1
983,9,9,1,1282,984,0x00000015,0x00005FB1,0x85,1,1,1
984,6,6,1,1282,985,0x00000015,0x00009029,0x91,1,1,1
985,1,1,1,1282,986,0x00000015,0x00003169,0x15,1,1,1
986,1,1,1,1282,987,0x00000015,0x000033FD,0x2F,1,1,1
987,7,7,1,1282,988,0x00000015,0x000033EC,0x46,1,1,1
988,7,7,1,1282,989,0x00000015,0x0000421A,0xF2,1,1,1
989,9,9,1,1282,990,0x00000015,0x00004B5F,0x3B,1,1,1
990,4,4,1,1282,991,0x00000015,0x00004B30,0x9C,1,1,1
991,1,1,1,1282,992,0x00000015,0x000034E8,0x4A,1,1,1
992,8,8,1,1282,993,0x00000015,0x00009174,0x6C,1,1,1
993,2,2,1,1282,994,0x00000015,0x00008965,0xC9,1,1,1
994,8,8,1,1282,995,0x00000015,0x00006F7A,0xE6,1,1,1
995,8,8,1,1282,996,0x00000015,0x000095C7,0x0B,1,1,1
996,9,9,1,1282,997,0x00000015,0x00006CE6,0x1A,1,1,1
997,3,3,1,1282,998,0x00000015,0x00008546,0x40,1,1,1
998,7,7,1,1282,999,0x00000015,0x00006B4A,0x78,1,1,1
999,0,0,1,1282,1000,0x00000015,0x00009B2A,0xD8,1,1,1
